target,gene_name,mutation
PF3D7_0709000,CRT1,K76T
PF3D7_1343700,K13,N458Y
PF3D7_1343700,K13,Y493H
PF3D7_1343700,K13,R539T
PF3D7_1343700,K13,I543T
PF3D7_1343700,K13,R561H
PF3D7_1343700,K13,C580Y
PF3D7_1343700,K13,P441L
PF3D7_1343700,K13,F446I
PF3D7_1343700,K13,G449A
PF3D7_1343700,K13,G538V
PF3D7_1343700,K13,P553I
PF3D7_1343700,K13,V568G
PF3D7_1343700,K13,P574I
PF3D7_1343700,K13,A675V
PF3D7_1343700,K13,M476I
PF3D7_1343700,K13,C469Y
PF3D7_1343700,K13,C469F
PF3D7_1343700,K13,K479I
PF3D7_1343700,K13,A481V
PF3D7_1343700,K13,R515K
PF3D7_1343700,K13,S522C
PF3D7_1343700,K13,P527I
PF3D7_1343700,K13,N537I
PF3D7_1343700,K13,N537D
PF3D7_1343700,K13,G438V
PF3D7_1343700,K13,R575K
PF3D7_1343700,K13,M597I
PF3D7_1343700,K13,D584V
PF3D7_1343700,K13,P667T
PF3D7_1343700,K13,F673I
PF3D7_1343700,K13,H719N
PF3D7_0417200,DHFR,A16V
PF3D7_0417200,DHFR,N51I
PF3D7_0417200,DHFR,C59R
PF3D7_0417200,DHFR,S108N
PF3D7_0417200,DHFR,I164L
PF3D7_0810800,DHPS,S436A
PF3D7_0810800,DHPS,S436F
PF3D7_0810800,DHPS,A437G
PF3D7_0810800,DHPS,K540E
PF3D7_0810800,DHPS,A581G
PF3D7_0810800,DHPS,A613T
PF3D7_0810800,DHPS,A613S
PF3D7_0523000,MDR1,N86Y
PF3D7_0523000,MDR1,Y184F
PF3D7_0523000,MDR1,S1034C
PF3D7_0523000,MDR1,N1042D
PF3D7_0523000,MDR1,D1246Y
